identifier,active,last_name,first_name
0,yes,last0,first0
1,yes,last1,first1
2,yes,last2,first2
3,yes,last3,first3
4,yes,last4,first4
5,yes,last5,first5
6,yes,last6,first6
7,yes,last7,first7
8,yes,last8,first8
9,yes,last9,first9
10,yes,last10,first10
11,yes,last11,first11
12,yes,last12,first12
13,yes,last13,first13
14,yes,last14,first14
15,yes,last15,first15
16,yes,last16,first16
17,yes,last17,first17
18,yes,last18,first18
19,yes,last19,first19
20,yes,last20,first20
21,yes,last21,first21
22,yes,last22,first22
23,yes,last23,first23
24,yes,last24,first24
25,yes,last25,first25
26,yes,last26,first26
27,yes,last27,first27
28,yes,last28,first28
29,yes,last29,first29
30,yes,last30,first30
31,yes,last31,first31
32,yes,last32,first32
33,yes,last33,first33
34,yes,last34,first34
35,yes,last35,first35
36,yes,last36,first36
37,yes,last37,first37
38,yes,last38,first38
39,yes,last39,first39
40,yes,last40,first40
41,yes,last41,first41
42,yes,last42,first42
43,yes,last43,first43
44,yes,last44,first44
45,yes,last45,first45
46,yes,last46,first46
47,yes,last47,first47
48,yes,last48,first48
49,yes,last49,first49
50,yes,last50,first50
51,yes,last51,first51
52,yes,last52,first52
53,yes,last53,first53
54,yes,last54,first54
55,yes,last55,first55
56,yes,last56,first56
57,yes,last57,first57
58,yes,last58,first58
59,yes,last59,first59
60,yes,last60,first60
61,yes,last61,first61
62,yes,last62,first62
63,yes,last63,first63
64,yes,last64,first64
65,yes,last65,first65
66,yes,last66,first66
67,yes,last67,first67
68,yes,last68,first68
69,yes,last69,first69
70,yes,last70,first70
71,yes,last71,first71
72,yes,last72,first72
73,yes,last73,first73
74,yes,last74,first74
75,yes,last75,first75
76,yes,last76,first76
77,yes,last77,first77
78,yes,last78,first78
79,yes,last79,first79
80,yes,last80,first80
81,yes,last81,first81
82,yes,last82,first82
83,yes,last83,first83
84,yes,last84,first84
85,yes,last85,first85
86,yes,last86,first86
87,yes,last87,first87
88,yes,last88,first88
89,yes,last89,first89
90,yes,last90,first90
91,yes,last91,first91
92,yes,last92,first92
93,yes,last93,first93
94,yes,last94,first94
95,yes,last95,first95
96,yes,last96,first96
97,yes,last97,first97
98,yes,last98,first98
99,yes,last99,first99
